<?xml version="1.0" encoding="utf-8" standalone="yes" ?>
<rss version="2.0" xmlns:atom="http://www.w3.org/2005/Atom">
  <channel>
    <title>Posts on Darksun</title>
    <link>https://ccinv.github.io/post/</link>
    <description>Recent content in Posts on Darksun</description>
    <generator>Hugo -- gohugo.io</generator>
    <language>en-us</language>
    <lastBuildDate>Mon, 30 Apr 2018 00:00:00 +0000</lastBuildDate>
    
	<atom:link href="https://ccinv.github.io/post/index.xml" rel="self" type="application/rss+xml" />
    
    
    <item>
      <title>ZJOI 2018</title>
      <link>https://ccinv.github.io/post/zjoi2018/</link>
      <pubDate>Mon, 30 Apr 2018 00:00:00 +0000</pubDate>
      
      <guid>https://ccinv.github.io/post/zjoi2018/</guid>
      <description>Feb7 补了一下学校里的套题。
 Hack 构造一个字符串，使之与给出的字符串Hash相同，字符串长度小于等于8，字符集为26，Hash方式为 BKDRHash，且种子给定。 Tree 求最小标准差生成树（BZOJ 3751) Wall 一道连通性DP，坑着。  Feb 8  BZOJ 3513 FFT BZOJ 1975 Astar COCI18 garaza 前缀gcd性质/线段树  Feb 9  COCI18 planinarenje 二分图博弈  Feb 10  LOJ 6279 水了一下hzwer的数列分块入门·3，一开始用了set，没能过。准备优化常数的时候想到两种操作的复杂度是不平衡的，用不等式推了一下发现，在数据随机的情况下分块大小不应该是$\sqrt n$而应该是$\sqrt {n \times \frac {log_2 n*a+b}{log_2 n \times b+a}}$，这样就可以把$log$放到根号里面去。可惜LOJ的数据丧心病狂，后面出的全是$op=1$的情况，这种优化就退化成了一种特殊情况，即分块大小为$\sqrt {nlog_2 n}$，在这篇文章里已经说过了1。 BZOJ 1070 费用流/拆点游戏 BZOJ 1016 暴力  Feb 12 HDU 6087 数据结构  Feb 13 中间两天被吃掉了23333
BZOJ 4289 相当有技巧的最短路模型转换与优化连边 BZOJ 4152 同上 BZOJ 4777 生成树(luogu) AGC 18F 欧拉回路 BZOJ 1016 线性规划转费用流 BZOJ 3894 二元费用问题 k短路/最短路树/斯坦纳树 图计数问题  YJQ的最短路理论让我有点心累啊。</description>
    </item>
    
    <item>
      <title>Microlight中文文档</title>
      <link>https://ccinv.github.io/post/microlight_doc_cn/</link>
      <pubDate>Tue, 10 Apr 2018 00:00:00 +0000</pubDate>
      
      <guid>https://ccinv.github.io/post/microlight_doc_cn/</guid>
      <description>概述 翻译自原文档 Microlight，删去了 Array 与实验性的那些部分。
基于 C89 标准的Lua 标准库被刻意设计得很小巧。它作为高级开发的基础，所以 Lua 开发者喜欢在项目中收集一些有用的小的函数。
Microlight 是对于 library golf1 的一项尝试。在本项目中，我们的想法就是捕捉这些函数，放到一个库里面，再给它们写文档，使得用起来比自己写起来更容易。
这个库作为极轻量的 Penlight，有接近 20 个模块和上百个函数。
在 Lua 中，除了内核之外的东西都可以有自己的选择，下面的函数不想成为权威的选择。它们大多出现在由 Jay Carlson 创始的 Lua Mailing 列表中，然后被我和 Dirk Laurie 所实现。
字符串 Lua 没有内置将表转换成字符串形式的函数，这使得刚开始使用 Lua 交互模式的用户很沮丧。Microlight 提供了 tstring。注意，在全局重定义 tostring 不是一个好做法。这个技巧只是为了让命令行下的实验更尽人意。
&amp;gt; require &#39;ml&#39;.import() &amp;gt; tostring = tstring &amp;gt; = {10,20,name=&#39;joe&#39;} {10,20,name=&amp;quot;joe&amp;quot;}  Lua 的字符串函数异常强大，但是其中却缺少了一些项目中很常用的函数。Lua 提供了 table.concat 合并一个表，但没有提供 table.split 分割字符串。
&amp;gt; = split(&#39;hello dolly&#39;) {&amp;quot;hello&amp;quot;,&amp;quot;dolly&amp;quot;} &amp;gt; = split(&#39;one,two&#39;,&#39;,&#39;) {&amp;quot;one&amp;quot;,&amp;quot;two&amp;quot;}  其中的第二个参数是一个匹配模式，默认匹配空格。</description>
    </item>
    
    <item>
      <title>简易的graphviz用法笔记</title>
      <link>https://ccinv.github.io/post/easy_graphviz/</link>
      <pubDate>Fri, 16 Feb 2018 00:00:00 +0000</pubDate>
      
      <guid>https://ccinv.github.io/post/easy_graphviz/</guid>
      <description>Graphviz 是个好东西，可以画树和图之类的东西。本文记了一些常用的属性以及自动生成 Dot 代码的邻接表模板。
摘录一些常用的属性，完整 ref：
 graph 代表无向图，digraph 是有向图 rankdir 可以设置成 LR 来支持从左到右的布局，即 DAG 的风格 shape 可以设置节点形状，具体参见多边形节点 label 可以设置边上的权值  下面是自动生成 Dot 代码的邻接表模板：
template&amp;lt;typename T, size_t n, size_t m&amp;gt; struct Graph { struct { int to, nxt; T w; } v[m]; int h[n], cnt; Graph() { memset(h, -1, sizeof(h)); } void add(int x, int y, const T&amp;amp; w) { v[cnt] = {y, h[x], w}; h[x] = cnt++; } void out(const char* filename, bool directed, bool weighted) { FILE* f = fopen(filename, &amp;quot;w&amp;quot;); fprintf(f, &amp;quot;%s main{\n&amp;quot;, directed ?</description>
    </item>
    
    <item>
      <title>coci2018抓水题</title>
      <link>https://ccinv.github.io/post/coci2018/</link>
      <pubDate>Fri, 09 Feb 2018 00:00:00 +0000</pubDate>
      
      <guid>https://ccinv.github.io/post/coci2018/</guid>
      <description>plahte 给定一些矩形和一些有颜色的点，求每个矩形上有多少种颜色的点，保证矩形只有包含和不相交两种关系，规模 $10^5$。
把每个矩形看成一个点，用扫描线建出森林，同时也顺便处理点。
然后做一个树上的集合转移,把儿子集合的元素并到父亲集合去。这个问题有树状数组的做法，但我试了一下轻重链剖分，写起来还是挺友好的。注意这里的重儿子选择标准不是节点个数，而是节点上颜色个数，这样复杂度算起来才是正确的。（一个log跑起来比两个log的标算慢我也是很服气）
san 给出一个长度小于等于 $20$ 的二元组序列和一个数 $k$，$k$ 的规模为 $10^{10}$，第一个数代表高度，第二个数代表金币，求金币总和不小于 $k$ 的不下降子序列个数。
折半搜索。将原序列分成 $[1,n/2],[n/2+1,n]$ 两个区间，以高度为关键字升序加入每一个点，显然后加入的且在后半部分的点都可以由前面加入的且在前半部分的点转移，数据结构维护值域上的区间和即可。
这题很好地证明了背包问题是NP难的？
usmjeri 给出一棵树以及若干个限制条件，要求你把树定向成一个有向图，使得给出的限制中的每对点联通，求方案总数，规模 $10^{5}$。
首先把问题转化为给边染色：对于每个限制 $a_i,b_i$ ，给树上的边染色，令 $c_i=lca(a_i,b_i)$，使得 $a_i \rightarrow c_i$ 上的边颜色相同，$b_i \rightarrow c_i$ 上的边颜色相同，如果 $a_i,b_i$ 不属于一条链，还需满足 $a_i \rightarrow c_i$ 与 $b_i \rightarrow c_i$ 上的颜色互异。
先尝试解决一个 auxiliary problem：多次把树上路径之间的所有点合并，求联通块个数？做法类似于差分：维护 $low$ 数组，初始 $low_x=dep_x$ 合并 $a,b$ 时做一个操作 $$low_a=min(low_a,dep_c),low_b=min(low_b,dep_c)$$
这样从根再做一遍 dfs，把 $low$ 值小于当前节点深度的儿子与当前节点连边。对新图再 dfs 一遍就可以求出解。
然后对于每个限制，把两点到 lca 的链合并，如果不在一条链上，再把这两个点也连上特殊边。注意一个合法的联通块中，不能存在有奇数条特殊边的环，否则答案就是 $0$，所以要跑一边二分图染色判断是否合法，若合法，每个联通块的贡献只能是 $2$，乘到答案里就可以了。
garaza 给出一串数列，多次询问区间内所有数均不互质的子序列个数，支持单点修改，规模 $10^{5}$。
瞄的题解。这种题目肯定是要把信息转换为线段树上容易合并的形式。题解的方法就是做一遍前缀gcd，再做一遍后缀gcd。设前缀gcd去重相邻前后两项为 $a,b$，显然 $b \mid a$ 且 $b \neq a$，则 $b \leq \frac{a}{2}$，因此前缀gcd去重后的项数是对数级的，后缀同理，于是两个区间合并可以直接暴力统计跨过分界线的贡献，同时维护前缀和后缀即可。</description>
    </item>
    
    <item>
      <title>PKUWC 2018</title>
      <link>https://ccinv.github.io/post/pkuwc2018/</link>
      <pubDate>Thu, 01 Feb 2018 00:00:00 +0000</pubDate>
      
      <guid>https://ccinv.github.io/post/pkuwc2018/</guid>
      <description>Jun 12 - Jun 18 See Spreadsheet
Jun29  LOJ 105 动车上写了一道Treap模板居然1A了  动车晚点1个多小时，给它差评。据说别人的动车晚点3个小时，奥妙重重。
据说这次PKUWC是IOI赛制，但是机房电脑都不让摸，只让看，奥妙重重x2。
THUWC好像是住在雅礼中学的，然而我住的宾馆离学校很远，奥妙重重x3。
Jun30 早上考数学，前面的30道选择题，简单得毫无意义。后面四道解答只会1道，剩下的只能装作是在讲道理啦。
下午机试，打开就发现画风不对！三题不可做题。九条可怜emm&amp;hellip;吉老师没得洗了。T2好像是个奇怪的DP，别人都会打就我不会打。T1是大力线段树合并，没看出来。T3全场爆零不说了。吉老师说选手太菜吧。
打了一点部分分，凉了凉了。这里记一下题意：
 给出一棵有根树，叶子节点有一个数代表权值（权值互异），每个非叶子节点最多只有两个儿子且有一个概率$p$，表示有$p$的概率在子节点中选一个最大值，有 $1-p$ 的概率在子节点中选一个最小值。设第 $i$ 小的权值为 $v_i$ ，且在根节点被取到的概率为 $q_i$，求$\sum i*v_i*p_i^{2}$ 给出两类牌各$n$张，每张都写着一个正整数。第一类牌是攻击牌，可以打出去，造成上面写着数字的伤害。第二类牌是加强牌，可以让你打出去的攻击牌上的数字乘上它的数字，且上面的数大于 $1$ 。求任选 $m$ 张牌，并将其中 $k$ 张按最优策略打出后能造成伤害的期望值。 题目都没怎么看，喵喵喵？  Jun31 早上是第二场机试。昨天考了两道期望，一道计数，今天总要考数据结构了吧，果然不出所料，又考了三道期望，首次代码模板里写了快速幂233，最后乱搞切了T1，拿了个大众分。 这里记一下题目:
 给出一张无向图和一种随机求最大独立集的算法（随机一个排列，按排列贪心加点），求它的正确概率。 给出一串数$w_i$，当有$m$个人存活时，第$x$个人被淘汰的概率是$\frac {w_x}{\sum w_i}$，求第一个人最后被淘汰的概率。 给出一张无向图和一个出发点，一个人在每个顶点上都会等概率向相邻节点移动。询问中包括一个点集，求由出发点开始，走遍点集中所有点的期望步数。  下午姿势水平不够，不能和面试官谈笑风生（没学上flag）。下面是我的全场最佳：
 Q:你是在说王者荣耀吗？
A:我不玩王者荣耀。
 Feb01 早上起来发现CF上紫了，很开心。想写游记却发现TODO里还有很多东西。
闭营仪式上先讲了一下题，印象最深刻的是，台上一个妹子讲Day2 T1的$O(2^{{n^2}}*n^2)$竟然能跑过$n=20$的数据，难以置信！而且我记得我打的$O(2^n*n^2)$好像是AC提交里跑得最慢的一个，技不如人，甘拜下风。那么这题区别的岂不是是有梦想选手和没梦想选手？
合影，发约，不想说什么了，拿到的是废约，至少放在浙江是废约，除了第一句话，每句话都是以进入省队开头的。
最后再匿名评价一下：不住宿舍好评，概率与期望专题训练差评，斗地主差评，其他五题好评，IOI赛制好评。
完结撒花。</description>
    </item>
    
  </channel>
</rss>